scenario,config,rep,avg_jct,tail_jct_p95,max_jct,min_jct,makespan,avg_ilt
12_normal,default,0,56.2458333333321,92.74999999999687,98.79999999999653,17.20000000000011,98.79999999999653,0.05
12_normal,custom_baseline,0,53.54999999999874,94.59999999999677,100.39999999999644,7.99999999999998,100.39999999999644,1.0227272727272763
12_normal,custom_adaptive,0,46.54999999999891,100.09999999999646,101.74999999999636,7.049999999999983,101.74999999999636,3.336363636363636
12_normal,reversed,0,62.404166666665226,95.29999999999673,100.74999999999642,26.600000000000243,100.74999999999642,1.0227272727272763
12_normal,default,1,69.10833333333154,94.1499999999968,97.09999999999663,40.29999999999985,97.09999999999663,0.05454545454545455
12_normal,custom_baseline,1,65.8958333333317,95.24999999999673,97.89999999999658,26.35000000000024,97.89999999999658,1.0227272727272763
12_normal,custom_adaptive,1,49.912499999998985,89.84999999999704,91.59999999999694,13.600000000000058,91.59999999999694,4.395454545454485
12_normal,reversed,1,75.42916666666453,97.14999999999662,101.24999999999639,52.09999999999918,101.24999999999639,1.0227272727272763
12_normal,default,2,51.70833333333236,75.64999999999785,100.04999999999646,21.150000000000166,100.04999999999646,0.0590909090909091
12_normal,custom_baseline,2,49.220833333332315,77.29999999999775,101.0499999999964,15.050000000000079,101.0499999999964,1.0227272727272763
12_normal,custom_adaptive,2,41.77499999999919,84.64999999999733,97.19999999999662,9.650000000000002,97.19999999999662,3.622727272727256
12_normal,reversed,2,58.01249999999883,77.04999999999777,102.8499999999963,29.350000000000282,102.8499999999963,1.0227272727272763
12_normal,default,3,55.41666666666559,96.99999999999663,98.79999999999653,20.70000000000016,98.79999999999653,0.05
12_normal,custom_baseline,3,52.94166666666568,97.69999999999659,100.29999999999644,14.600000000000072,100.29999999999644,1.0227272727272763
12_normal,custom_adaptive,3,42.67083333333256,89.19999999999708,99.2999999999965,9.5,99.2999999999965,3.1727272727272817
12_normal,reversed,3,61.80833333333196,100.69999999999642,100.94999999999641,31.30000000000031,100.94999999999641,1.0227272727272763
12_normal,default,4,64.8208333333317,97.34999999999661,97.39999999999661,18.800000000000132,97.39999999999661,0.045454545454545456
12_normal,custom_baseline,4,62.079166666665124,98.39999999999655,98.99999999999652,12.30000000000004,98.99999999999652,1.0227272727272763
12_normal,custom_adaptive,4,51.3083333333321,93.79999999999681,104.39999999999621,8.79999999999999,104.39999999999621,3.954545454545419
12_normal,reversed,4,71.09999999999808,98.04999999999657,100.19999999999645,28.950000000000276,100.19999999999645,1.0227272727272763
48_normal,default,0,335.1781250000425,505.2000000000806,509.1500000000815,94.0999999999968,509.1500000000815,0.013829787234042554
48_normal,custom_baseline,0,290.7281250000365,484.75000000007594,488.70000000007684,10.25000000000001,488.70000000007684,1.0234042553191351
48_normal,custom_adaptive,0,175.44479166668467,411.0000000000592,415.6000000000602,8.09999999999998,415.6000000000602,4.822340425532287
48_normal,reversed,0,356.0218750000467,506.5000000000809,509.3000000000815,135.59999999999658,509.3000000000815,1.0234042553191351
48_normal,default,1,350.5562500000456,487.2000000000765,494.50000000007816,100.69999999999642,494.50000000007816,0.013829787234042554
48_normal,custom_baseline,1,306.3281250000373,467.15000000007194,474.8500000000737,21.55000000000017,474.8500000000737,1.0234042553191351
48_normal,custom_adaptive,1,171.36666666668242,381.80000000005253,392.05000000005487,10.85000000000002,392.05000000005487,5.096808510638733
48_normal,reversed,1,369.6906250000498,488.9000000000769,492.20000000007764,142.6999999999982,492.20000000007764,1.0234042553191351
48_normal,default,2,311.75729166670374,462.0500000000708,468.7000000000723,95.24999999999673,468.7000000000723,0.013829787234042554
48_normal,custom_baseline,2,267.3562500000314,441.4500000000661,448.4500000000677,8.499999999999986,448.4500000000677,1.0234042553191351
48_normal,custom_adaptive,2,155.27916666668025,368.9500000000496,375.6000000000511,7.349999999999982,375.6000000000511,4.806382978723773
48_normal,reversed,2,332.29479166670797,463.70000000007116,468.95000000007235,135.99999999999667,468.95000000007235,1.0234042553191351
48_normal,default,3,314.7177083333709,458.40000000006995,467.25000000007196,102.64999999999631,467.25000000007196,0.012765957446808512
48_normal,custom_baseline,3,271.14062500003183,438.95000000006553,447.35000000006744,14.350000000000069,447.35000000006744,1.0234042553191351
48_normal,custom_adaptive,3,150.6031250000121,358.60000000004726,372.10000000005033,9.399999999999999,372.10000000005033,4.9351063829791215
48_normal,reversed,3,336.3062500000422,457.8500000000698,467.8500000000721,147.0499999999992,467.8500000000721,1.0234042553191351
48_normal,default,4,318.48750000003884,475.4500000000738,483.90000000007575,97.4499999999966,483.90000000007575,0.012765957446808512
48_normal,custom_baseline,4,276.22916666669977,456.3500000000695,463.8000000000712,18.250000000000124,463.8000000000712,1.0234042553191351
48_normal,custom_adaptive,4,168.00833333334975,385.5500000000534,395.05000000005555,10.300000000000011,395.05000000005555,4.7638297872344015
48_normal,reversed,4,339.0781250000428,474.4000000000736,485.20000000007605,134.7999999999964,485.20000000007605,1.0234042553191351
48_half,default,0,167.55833333334178,252.50000000002316,254.55000000002363,47.44999999999944,254.55000000002363,0.013829787234042554
48_half,custom_baseline,0,124.91354166667271,231.80000000001846,233.85000000001892,4.549999999999992,233.85000000001892,1.0234042553191351
48_half,custom_adaptive,0,74.50312500000042,185.15000000000785,205.6000000000125,4.549999999999992,205.6000000000125,3.672340425532026
48_half,reversed,0,187.34166666667622,253.5000000000234,254.20000000002355,88.94999999999709,254.20000000002355,1.0234042553191351
48_half,default,1,175.2187500000072,243.60000000002114,247.15000000002195,50.44999999999927,247.15000000002195,0.013829787234042554
48_half,custom_baseline,1,130.78020833333846,222.55000000001635,226.6500000000173,6.149999999999986,226.6500000000173,1.0234042553191351
48_half,custom_adaptive,1,76.0489583333333,180.70000000000684,194.80000000001004,5.949999999999987,194.80000000001004,3.5234042553192264
48_half,reversed,1,193.24687500001002,244.40000000002132,245.30000000002153,92.44999999999689,245.30000000002153,1.0234042553191351
48_half,default,2,155.79375000000536,230.95000000001826,234.35000000001904,47.64999999999943,234.35000000001904,0.013829787234042554
48_half,custom_baseline,2,113.43333333333672,210.0000000000135,214.15000000001444,4.149999999999993,214.15000000001444,1.0234042553191351
48_half,custom_adaptive,2,70.30833333333312,174.20000000000536,191.00000000000918,4.149999999999993,191.00000000000918,3.4670212765958093
48_half,reversed,2,175.40520833334003,232.20000000001855,234.200000000019,88.39999999999712,234.200000000019,1.0234042553191351
48_half,default,3,157.2791666666719,229.15000000001785,233.60000000001887,51.34999999999922,233.60000000001887,0.012765957446808512
48_half,custom_baseline,3,113.35000000000296,208.35000000001313,212.200000000014,5.1999999999999895,212.200000000014,1.0234042553191351
48_half,custom_adaptive,3,70.30208333333306,168.30000000000402,191.35000000000926,5.1999999999999895,191.35000000000926,3.3744680851064266
48_half,reversed,3,178.09062500000715,229.3000000000179,234.40000000001905,95.6999999999967,234.40000000001905,1.0234042553191351
48_half,default,4,159.20833333334002,237.7000000000198,241.90000000002075,48.64999999999937,241.90000000002075,0.012765957446808512
48_half,custom_baseline,4,116.44479166667145,216.90000000001507,219.80000000001573,5.749999999999988,219.80000000001573,1.0234042553191351
48_half,custom_adaptive,4,72.33749999999988,173.25000000000514,196.8000000000105,5.649999999999988,196.8000000000105,3.545744680851146
48_half,reversed,4,178.52291666667443,235.9000000000194,242.65000000002092,82.24999999999747,242.65000000002092,1.0234042553191351
